,N,종목명,현재가,전일비,등락률,액면가,시가총액,상장주식수,외국인비율,거래량,PER,ROE,토론실
1,1.0,삼성전자,83700.0,400.0,-0.48%,100.0,4996708.0,5969783.0,55.93,16963684.0,39.28,4.15,
2,2.0,SK하이닉스,187400.0,1000.0,-0.53%,5000.0,1364276.0,728002.0,54.9,3041976.0,-14.97,-15.61,
3,3.0,LG에너지솔루션,371500.0,8500.0,-2.24%,500.0,869310.0,234000.0,4.87,171737.0,70.27,6.36,
4,4.0,삼성전자우,69100.0,100.0,-0.14%,100.0,568615.0,822887.0,75.61,1000412.0,32.43,,
5,5.0,삼성바이오로직스,790000.0,5000.0,-0.63%,2500.0,562275.0,71174.0,11.99,41085.0,65.55,9.12,
9,6.0,현대차,238000.0,3000.0,-1.24%,5000.0,503445.0,211532.0,38.61,993896.0,5.46,13.68,
10,7.0,기아,109800.0,1900.0,-1.70%,5000.0,441445.0,402044.0,40.44,1220693.0,5.04,20.44,
11,8.0,셀트리온,182200.0,2700.0,+1.50%,1000.0,397287.0,218050.0,23.41,473411.0,50.07,5.07,
12,9.0,POSCO홀딩스,395000.0,5000.0,-1.25%,5000.0,334056.0,84571.0,27.43,317349.0,19.67,3.18,
13,10.0,NAVER,185900.0,2300.0,+1.25%,100.0,301918.0,162409.0,45.45,831736.0,30.08,4.41,
17,11.0,LG화학,393000.0,6000.0,+1.55%,5000.0,277428.0,70592.0,39.31,259162.0,23.0,4.2,
18,12.0,삼성SDI,401000.0,6500.0,-1.60%,5000.0,275746.0,68765.0,42.12,261398.0,14.05,11.48,
19,13.0,KB금융,66300.0,2000.0,-2.93%,5000.0,267528.0,403511.0,75.49,1756967.0,5.8,8.44,
20,14.0,삼성물산,140100.0,6900.0,-4.69%,100.0,260014.0,185592.0,24.76,594930.0,11.85,7.28,
21,15.0,현대모비스,240500.0,10500.0,-4.18%,5000.0,225240.0,93655.0,40.09,198631.0,6.62,8.73,
25,16.0,신한지주,41850.0,1250.0,-2.90%,5000.0,213181.0,509393.0,61.22,2559095.0,4.98,8.36,
26,17.0,카카오,47850.0,200.0,-0.42%,100.0,213049.0,445244.0,28.05,939130.0,-21.02,-10.26,
27,18.0,포스코퓨처엠,268000.0,14500.0,-5.13%,500.0,207601.0,77463.0,9.17,371443.0,722.37,1.19,
28,19.0,삼성생명,81100.0,3900.0,-4.59%,500.0,162200.0,200000.0,19.5,642229.0,8.56,4.95,
29,20.0,하나금융지주,55000.0,3000.0,-5.17%,5000.0,160796.0,292357.0,70.48,1816621.0,4.74,9.01,
33,21.0,LG전자,93500.0,2900.0,-3.01%,5000.0,153011.0,163648.0,30.09,906486.0,23.72,3.69,
34,22.0,메리츠금융지주,78200.0,2500.0,-3.10%,500.0,152233.0,194671.0,17.35,718495.0,7.46,28.11,
35,23.0,한미반도체,145500.0,3800.0,+2.68%,100.0,141629.0,97339.0,14.99,4303976.0,53.01,55.54,
36,24.0,삼성화재,288500.0,6500.0,-2.20%,500.0,136676.0,47375.0,53.63,131889.0,8.02,12.73,
37,25.0,한국전력,20200.0,1100.0,-5.16%,5000.0,129677.0,641964.0,15.36,4136172.0,-2.69,-12.63,
41,26.0,LG,77600.0,2000.0,-2.51%,5000.0,122066.0,157301.0,35.41,421568.0,9.86,4.89,
42,27.0,카카오뱅크,24850.0,1300.0,-4.97%,5000.0,118515.0,476921.0,16.82,1141345.0,33.4,6.0,
43,28.0,SK,161400.0,1200.0,-0.74%,200.0,118142.0,73198.0,24.82,124326.0,-15.38,-3.67,
44,29.0,삼성전기,157700.0,1200.0,+0.77%,5000.0,117792.0,74694.0,31.76,418069.0,28.94,5.5,
45,30.0,삼성에스디에스,151400.0,300.0,+0.20%,500.0,117150.0,77378.0,18.53,99995.0,16.89,8.22,
49,31.0,크래프톤,238500.0,9000.0,-3.64%,100.0,115349.0,48364.0,35.01,86444.0,19.52,11.16,
50,32.0,KT&G,88300.0,2200.0,-2.43%,5000.0,115075.0,130322.0,44.5,297708.0,13.35,9.76,
51,33.0,한화에어로스페이스,217000.0,3000.0,+1.40%,5000.0,109867.0,50630.0,35.35,466028.0,13.44,25.6,
52,34.0,SK텔레콤,50500.0,700.0,-1.37%,100.0,108469.0,214790.0,42.38,583184.0,10.11,9.63,
53,35.0,SK스퀘어,77900.0,4800.0,+6.57%,100.0,108266.0,138981.0,49.79,642164.0,-8.53,-8.04,
57,36.0,HMM,15380.0,220.0,-1.41%,5000.0,105974.0,689039.0,10.61,1458935.0,8.41,4.59,
58,37.0,HD현대중공업,117900.0,3400.0,+2.97%,5000.0,104664.0,88773.0,7.9,144496.0,424.1,0.47,
59,38.0,SK이노베이션,108400.0,2200.0,-1.99%,5000.0,103777.0,95736.0,22.66,435365.0,41.31,1.22,
60,39.0,기업은행,12740.0,360.0,-2.75%,5000.0,101592.0,797426.0,15.11,1773525.0,3.81,8.79,
61,40.0,우리금융지주,13410.0,360.0,-2.61%,5000.0,99582.0,742592.0,41.75,2599062.0,3.96,8.3,
65,41.0,고려아연,470500.0,1500.0,-0.32%,5000.0,98375.0,20909.0,18.11,41729.0,18.01,5.72,
66,42.0,두산에너빌리티,15310.0,190.0,+1.26%,5000.0,98070.0,640561.0,17.7,3312557.0,175.98,0.78,
67,43.0,KT,34600.0,800.0,-2.26%,5000.0,88979.0,257165.0,45.63,911528.0,8.9,6.05,
68,44.0,하이브,213000.0,3500.0,-1.62%,500.0,88719.0,41652.0,21.0,168930.0,47.29,6.58,
69,45.0,S-Oil,78600.0,4100.0,-4.96%,2500.0,88490.0,112583.0,79.02,501727.0,9.66,10.83,
73,46.0,한화오션,28500.0,2350.0,+8.99%,5000.0,87312.0,306359.0,16.8,2549911.0,37.65,6.33,
74,47.0,HD현대일렉트릭,235000.0,3000.0,+1.29%,5000.0,84711.0,36047.0,27.84,1262327.0,32.69,27.71,
75,48.0,HD한국조선해양,117600.0,1300.0,+1.12%,5000.0,83229.0,70773.0,26.81,234901.0,37.54,2.26,
76,49.0,포스코인터내셔널,46450.0,1050.0,-2.21%,5000.0,81716.0,175923.0,6.96,443044.0,12.12,13.36,
77,50.0,에코프로머티,114700.0,4800.0,-4.02%,500.0,79126.0,68985.0,2.48,289195.0,1349.41,0.91,
1,51.0,아모레퍼시픽,135000.0,7600.0,+5.97%,500.0,78965.0,58493.0,27.96,351038.0,51.76,3.72,
2,52.0,삼성중공업,8910.0,410.0,+4.82%,1000.0,78408.0,880000.0,24.16,10234357.0,-53.04,-4.22,
3,53.0,대한항공,20500.0,500.0,-2.38%,5000.0,75485.0,368221.0,16.67,842812.0,7.14,11.46,
4,54.0,KODEX CD금리액티브(합성),1032770.0,205.0,+0.02%,0.0,75306.0,7292.0,0.01,337759.0,,,
5,55.0,한국타이어앤테크놀로지,59800.0,700.0,-1.16%,500.0,74077.0,123875.0,41.21,232150.0,10.29,7.85,
9,56.0,TIGER CD금리투자KIS(합성),54140.0,5.0,+0.01%,0.0,71462.0,131994.0,0.0,377449.0,,,
10,57.0,SK바이오팜,86700.0,1200.0,-1.37%,500.0,67898.0,78313.0,9.99,77422.0,-206.43,-10.96,
11,58.0,KODEX 200,37195.0,365.0,-0.97%,0.0,67435.0,181300.0,27.53,4131645.0,,,
12,59.0,포스코DX,43200.0,1100.0,-2.48%,500.0,65679.0,152035.0,6.54,600613.0,71.52,21.08,
13,60.0,현대글로비스,174500.0,1700.0,-0.96%,500.0,65438.0,37500.0,48.33,71198.0,6.17,14.52,
17,61.0,DB손해보험,88100.0,7400.0,-7.75%,500.0,62375.0,70800.0,47.48,267068.0,3.59,15.66,
18,62.0,금양,101000.0,3800.0,-3.63%,500.0,58631.0,58050.0,13.64,459418.0,-97.12,-38.52,
19,63.0,엘앤에프,160000.0,7500.0,-4.48%,500.0,58010.0,36256.0,20.97,608426.0,-29.78,-16.35,
20,64.0,LG생활건강,368000.0,15000.0,+4.25%,5000.0,57475.0,15618.0,26.88,83731.0,45.67,2.65,
21,65.0,유한양행,71200.0,2000.0,+2.89%,1000.0,57109.0,80209.0,20.67,353475.0,42.58,6.74,
25,66.0,맥쿼리인프라,12540.0,10.0,-0.08%,0.0,54647.0,435781.0,12.92,822488.0,,,
26,67.0,현대차2우B,149900.0,1000.0,-0.66%,5000.0,54145.0,36121.0,63.23,117642.0,3.44,,
27,68.0,두산밥캣,53500.0,2300.0,+4.49%,500.0,53633.0,100249.0,40.55,293094.0,5.82,16.79,
28,69.0,HD현대,67400.0,1000.0,-1.46%,1000.0,53241.0,78993.0,16.75,280481.0,20.13,3.57,
29,70.0,KODEX KOFR금리액티브(합성),106445.0,30.0,+0.03%,0.0,53222.0,50000.0,0.0,513115.0,,,
33,71.0,LG디스플레이,10020.0,40.0,-0.40%,5000.0,50100.0,500000.0,20.9,1109026.0,-1.45,-31.95,
34,72.0,두산로보틱스,76900.0,3600.0,+4.91%,500.0,49847.0,64820.0,1.89,752980.0,-256.33,-6.59,
35,73.0,삼성E&A,24950.0,50.0,-0.20%,5000.0,48902.0,196000.0,47.97,520875.0,6.49,24.45,
36,74.0,넷마블,56800.0,200.0,-0.35%,100.0,48822.0,85954.0,24.27,74440.0,-19.09,-4.9,
37,75.0,SKC,127700.0,7100.0,-5.27%,5000.0,48358.0,37868.0,14.3,938845.0,-17.55,-17.57,
41,76.0,LG이노텍,202000.0,6400.0,+3.27%,5000.0,47808.0,23667.0,22.26,191530.0,8.46,12.59,
42,77.0,한국항공우주,48600.0,1050.0,-2.11%,5000.0,47373.0,97475.0,28.25,408294.0,21.15,14.81,
43,78.0,CJ제일제당,314000.0,1000.0,-0.32%,5000.0,47270.0,15054.0,24.52,27996.0,13.33,5.55,
44,79.0,롯데케미칼,110300.0,1900.0,-1.69%,5000.0,47181.0,42775.0,26.43,115749.0,-92.38,-0.33,
45,80.0,코스모신소재,145000.0,3700.0,-2.49%,1000.0,47141.0,32511.0,13.75,179501.0,168.02,7.41,
49,81.0,SK아이이테크놀로지,65700.0,1600.0,-2.38%,1000.0,46843.0,71298.0,12.24,95075.0,57.03,3.58,
50,82.0,카카오페이,34800.0,700.0,-1.97%,500.0,46750.0,134338.0,39.59,267681.0,1831.58,0.14,
51,83.0,TIGER KOFR금리액티브(합성),104980.0,30.0,+0.03%,0.0,46513.0,44307.0,0.0,43845.0,,,
52,84.0,SK바이오사이언스,60100.0,400.0,+0.67%,500.0,46173.0,76828.0,6.59,56531.0,206.53,1.3,
53,85.0,현대로템,41600.0,250.0,-0.60%,5000.0,45403.0,109142.0,19.64,4395289.0,28.2,10.06,
57,86.0,미래에셋증권,7600.0,140.0,-1.81%,5000.0,45244.0,595316.0,13.8,728505.0,17.67,2.97,
58,87.0,한화솔루션,25700.0,1250.0,-4.64%,5000.0,44176.0,171893.0,23.72,1369546.0,-21.93,-2.48,
59,88.0,현대제철,31700.0,150.0,-0.47%,5000.0,42302.0,133446.0,24.88,268935.0,9.17,2.44,
60,89.0,LS ELECTRIC,139700.0,12200.0,+9.57%,5000.0,41910.0,30000.0,15.41,3423630.0,20.35,12.61,
61,90.0,LG유플러스,9590.0,40.0,-0.42%,5000.0,41871.0,436611.0,36.65,956236.0,6.73,7.49,
65,91.0,코웨이,55800.0,100.0,-0.18%,500.0,41180.0,73800.0,61.6,90389.0,8.74,19.03,
66,92.0,삼성카드,35400.0,0.0,0.00%,5000.0,41014.0,115859.0,6.82,98800.0,6.73,7.61,
67,93.0,현대오토에버,149400.0,1200.0,-0.80%,500.0,40971.0,27424.0,2.05,92175.0,29.74,9.01,
68,94.0,GS,43700.0,4750.0,-9.80%,5000.0,40604.0,92915.0,24.15,557309.0,3.18,10.05,
69,95.0,한미약품,316000.0,3000.0,+0.96%,2500.0,40483.0,12811.0,17.48,30133.0,27.68,16.01,
73,96.0,한진칼,59300.0,2300.0,-3.73%,2500.0,39590.0,66762.0,21.51,69565.0,10.36,14.79,
74,97.0,LS,122100.0,7200.0,+6.27%,5000.0,39316.0,32200.0,15.07,1157948.0,9.02,9.63,
75,98.0,엔씨소프트,176000.0,1800.0,-1.01%,500.0,38639.0,21954.0,37.61,92465.0,18.21,6.58,
76,99.0,오리온,95600.0,900.0,-0.93%,500.0,37797.0,39536.0,32.61,244527.0,10.03,13.91,
77,100.0,NH투자증권,11040.0,170.0,-1.52%,5000.0,36616.0,331666.0,17.13,445421.0,6.96,7.5,
1,101.0,현대건설,32700.0,700.0,-2.10%,5000.0,36413.0,111356.0,24.07,310103.0,6.86,6.77,
2,102.0,LIG넥스원,163900.0,2300.0,-1.38%,5000.0,36058.0,22000.0,20.04,157119.0,20.61,17.61,
3,103.0,현대차우,148500.0,1200.0,-0.80%,5000.0,35808.0,24113.0,67.26,52335.0,3.41,,
4,104.0,한국금융지주,62800.0,1000.0,-1.57%,5000.0,34996.0,55726.0,40.93,128104.0,5.47,8.81,
5,105.0,쌍용C&E,7000.0,0.0,0.00%,100.0,34909.0,498697.0,1.3,247149.0,16.02,13.85,
9,106.0,금호석유,119900.0,3400.0,-2.76%,5000.0,34229.0,28548.0,22.24,93415.0,8.64,7.77,
10,107.0,CJ,115500.0,4800.0,-3.99%,5000.0,33699.0,29177.0,12.52,274059.0,21.15,3.64,
11,108.0,삼성증권,36800.0,650.0,-1.74%,5000.0,32862.0,89300.0,34.3,267450.0,6.0,8.54,
12,109.0,한화시스템,17110.0,120.0,+0.71%,5000.0,32324.0,188919.0,3.98,730132.0,9.25,16.87,
13,110.0,강원랜드,15010.0,110.0,-0.73%,500.0,32112.0,213940.0,14.66,1019872.0,9.42,9.61,
17,111.0,TIGER 미국S&P500,17870.0,265.0,+1.51%,0.0,31925.0,178650.0,0.1,1359262.0,,,
18,112.0,효성중공업,339000.0,22000.0,+6.94%,5000.0,31610.0,9325.0,11.35,279951.0,27.26,11.29,
19,113.0,TIGER 미국나스닥100,112400.0,2645.0,+2.41%,0.0,31607.0,28120.0,0.06,135453.0,,,
20,114.0,키움증권,120500.0,3200.0,-2.59%,5000.0,31603.0,26227.0,25.79,41664.0,8.02,9.27,
21,115.0,한온시스템,5540.0,140.0,-2.46%,100.0,29573.0,533800.0,15.34,986280.0,57.71,2.21,
25,116.0,KODEX 종합채권(AA-이상)액티브,109720.0,430.0,+0.39%,0.0,28571.0,26040.0,0.0,9341.0,,,
26,117.0,두산,164000.0,12200.0,+8.04%,5000.0,27099.0,16524.0,18.28,420076.0,-9.04,-22.74,
27,118.0,CJ대한통운,118200.0,5100.0,-4.14%,5000.0,26964.0,22812.0,13.61,71790.0,12.0,6.27,
28,119.0,롯데지주,25700.0,400.0,-1.53%,200.0,26962.0,104909.0,8.57,159496.0,-177.24,-0.22,
29,120.0,이수페타시스,42000.0,450.0,-1.06%,1000.0,26563.0,63246.0,10.22,4075659.0,55.63,19.51,
33,121.0,현대해상,28750.0,1450.0,-4.80%,500.0,25702.0,89400.0,36.68,899834.0,4.23,7.81,
34,122.0,KODEX 24-12 은행채(AA+이상)액티브,10260.0,5.0,+0.05%,0.0,25321.0,246790.0,0.0,77714.0,,,
35,123.0,TIGER 200,37260.0,350.0,-0.93%,0.0,25001.0,67100.0,9.86,1678782.0,,,
36,124.0,대한전선,13330.0,380.0,+2.93%,1000.0,24853.0,186447.0,6.98,38959880.0,26.14,7.83,
37,125.0,한미사이언스,35000.0,500.0,-1.41%,500.0,24485.0,69957.0,2.28,167743.0,21.26,15.23,
41,126.0,현대미포조선,61300.0,1000.0,+1.66%,5000.0,24485.0,39942.0,19.67,152111.0,-17.13,-6.96,
42,127.0,BNK금융지주,7510.0,140.0,-1.83%,5000.0,24189.0,322088.0,37.07,957709.0,3.81,6.38,
43,128.0,F&F,62800.0,3900.0,-5.85%,100.0,24057.0,38307.0,13.48,394489.0,5.66,38.43,
44,129.0,TIGER 미국필라델피아반도체나스닥,17880.0,485.0,+2.79%,0.0,23843.0,133350.0,0.25,2964756.0,,,
45,130.0,JB금융지주,12050.0,130.0,-1.07%,5000.0,23508.0,195083.0,36.12,424488.0,4.05,12.23,
49,131.0,휠라홀딩스,38350.0,150.0,+0.39%,1000.0,23298.0,60752.0,45.68,66647.0,54.71,2.25,
50,132.0,아모레G,28200.0,1450.0,+5.42%,500.0,23253.0,82458.0,10.01,200346.0,22.69,3.57,
51,133.0,씨에스윈드,55100.0,2100.0,-3.67%,500.0,23236.0,42171.0,12.45,309485.0,116.99,2.24,
52,134.0,에스원,60700.0,300.0,+0.50%,500.0,23066.0,37999.0,55.21,46008.0,12.17,12.14,
53,135.0,호텔신라,58400.0,400.0,-0.68%,5000.0,22921.0,39248.0,15.35,211014.0,27.18,14.98,
57,136.0,한화생명,2630.0,90.0,-3.31%,5000.0,22842.0,868530.0,9.66,3338414.0,3.01,5.43,
58,137.0,한국가스공사,24650.0,1150.0,-4.46%,5000.0,22755.0,92313.0,6.72,316629.0,-2.99,-7.68,
59,138.0,한전기술,58800.0,300.0,+0.51%,200.0,22473.0,38220.0,7.2,120268.0,68.85,5.99,
60,139.0,농심,362500.0,9000.0,-2.42%,5000.0,22050.0,6083.0,19.8,38975.0,12.83,7.26,
61,140.0,한솔케미칼,191500.0,2800.0,-1.44%,5000.0,21707.0,11335.0,38.33,68969.0,20.6,13.1,
65,141.0,팬오션,4050.0,80.0,-1.94%,1000.0,21650.0,534570.0,13.08,1681267.0,8.84,5.32,
66,142.0,TIGER 미국테크TOP10 INDXX,18435.0,515.0,+2.87%,0.0,21541.0,116850.0,0.21,2895075.0,,,
67,143.0,제일기획,18580.0,390.0,-2.06%,200.0,21375.0,115041.0,25.53,198653.0,11.41,14.99,
68,144.0,KODEX 200TR,12790.0,120.0,-0.93%,0.0,21104.0,165000.0,0.0,320952.0,,,
69,145.0,TIGER 차이나전기차SOLACTIVE,7955.0,95.0,-1.18%,0.0,20772.0,261120.0,0.48,1451291.0,,,
73,146.0,KCC,233000.0,9000.0,-3.72%,5000.0,20705.0,8886.0,14.17,27807.0,9.74,4.13,
74,147.0,롯데에너지머티리얼즈,44650.0,1950.0,-4.18%,500.0,20588.0,46111.0,9.07,228819.0,-63.24,-2.25,
75,148.0,BGF리테일,116700.0,4000.0,-3.31%,1000.0,20170.0,17284.0,28.75,82963.0,10.3,19.23,
76,149.0,한화,26800.0,750.0,-2.72%,5000.0,20089.0,74959.0,15.54,517353.0,6.9,3.52,
77,150.0,GS리테일,19030.0,660.0,-3.35%,1000.0,19928.0,104718.0,7.41,587706.0,112.6,0.44,
1,151.0,LG화학우,259000.0,1000.0,+0.39%,5000.0,19914.0,7689.0,55.64,16867.0,15.16,,
2,152.0,롯데쇼핑,68000.0,2500.0,-3.55%,5000.0,19236.0,28289.0,9.06,128670.0,11.03,1.83,
3,153.0,KODEX 레버리지,19345.0,400.0,-2.03%,0.0,18832.0,97350.0,1.09,14474197.0,,,
4,154.0,금호타이어,6520.0,30.0,+0.46%,5000.0,18729.0,287260.0,6.54,846289.0,11.88,13.2,
5,155.0,DB하이텍,42000.0,1800.0,-4.11%,5000.0,18647.0,44399.0,23.9,504170.0,7.08,15.65,
9,156.0,에이피알,241500.0,5500.0,+2.33%,500.0,18316.0,7584.0,3.04,100258.0,21.48,54.88,
10,157.0,삼양식품,240000.0,7000.0,+3.00%,5000.0,18079.0,7533.0,12.22,126065.0,14.32,24.81,
11,158.0,이수스페셜티케미컬,320500.0,3500.0,+1.10%,5000.0,17947.0,5600.0,7.41,68162.0,-192.26,,
12,159.0,동서,17940.0,50.0,+0.28%,500.0,17886.0,99700.0,3.99,92368.0,12.35,9.23,
13,160.0,한올바이오파마,34200.0,2400.0,+7.55%,500.0,17866.0,52241.0,6.05,440491.0,510.45,1.98,
17,161.0,더존비즈온,58700.0,2100.0,+3.71%,500.0,17835.0,30383.0,15.59,1425775.0,52.55,8.19,
18,162.0,OCI홀딩스,89600.0,1300.0,+1.47%,5000.0,17567.0,19606.0,22.31,83230.0,2.49,18.69,
19,163.0,KODEX 200선물인버스2X,2075.0,40.0,+1.97%,0.0,17498.0,843300.0,4.83,131157573.0,,,
20,164.0,풍산,61600.0,2100.0,+3.53%,5000.0,17263.0,28024.0,16.28,2275808.0,11.04,8.22,
21,165.0,이마트,60900.0,3100.0,-4.84%,5000.0,16976.0,27876.0,22.33,306317.0,-19.06,-0.79,
25,166.0,HD현대인프라코어,8300.0,10.0,-0.12%,1000.0,16567.0,199603.0,13.82,1277357.0,7.17,13.37,
26,167.0,동원산업,35550.0,550.0,-1.52%,1000.0,16525.0,46483.0,1.19,22607.0,7.67,8.62,
27,168.0,영원무역,37150.0,700.0,-1.85%,500.0,16462.0,44311.0,29.15,79463.0,3.19,17.03,
28,169.0,오뚜기,394000.0,2000.0,-0.51%,5000.0,15791.0,4008.0,10.57,1968.0,9.85,8.55,
29,170.0,현대위아,58000.0,400.0,+0.69%,5000.0,15773.0,27195.0,15.63,95700.0,17.25,2.73,
33,171.0,신세계,159200.0,3700.0,-2.27%,5000.0,15674.0,9845.0,19.0,67820.0,6.96,5.41,
34,172.0,현대엘리베이,40000.0,200.0,+0.50%,5000.0,15637.0,39092.0,26.65,46445.0,4.98,26.15,
35,173.0,HL만도,32900.0,550.0,-1.64%,1000.0,15449.0,46957.0,26.0,149363.0,11.4,6.18,
36,174.0,대우건설,3705.0,0.0,0.00%,5000.0,15399.0,415623.0,10.94,737311.0,3.01,13.19,
37,175.0,한전KPS,33850.0,400.0,-1.17%,200.0,15232.0,45000.0,10.85,226460.0,9.36,13.08,
41,176.0,한국앤컴퍼니,15990.0,360.0,-2.20%,500.0,15180.0,94935.0,9.66,53614.0,8.11,4.76,
42,177.0,코스맥스,130600.0,5300.0,+4.23%,500.0,14822.0,11350.0,27.89,162021.0,25.94,12.11,
43,178.0,하이트진로,21100.0,450.0,-2.09%,5000.0,14798.0,70134.0,11.3,212582.0,42.2,3.16,
44,179.0,효성첨단소재,328000.0,1000.0,-0.30%,5000.0,14694.0,4480.0,10.77,20032.0,41.33,5.13,
45,180.0,에스엘,31450.0,450.0,-1.41%,500.0,14608.0,46449.0,16.01,48631.0,4.35,18.83,
49,181.0,덴티움,131100.0,3900.0,+3.07%,500.0,14511.0,11069.0,19.11,66916.0,15.03,23.02,
50,182.0,KBSTAR 머니마켓액티브,52060.0,20.0,+0.04%,0.0,14420.0,27698.0,0.02,142642.0,,,
51,183.0,SK가스,154500.0,7200.0,-4.45%,5000.0,14261.0,9230.0,7.67,10355.0,4.51,12.85,
52,184.0,TCC스틸,53800.0,2100.0,-3.76%,1000.0,14103.0,26214.0,6.1,256111.0,-180.54,-3.57,
53,185.0,솔루스첨단소재,19910.0,10.0,+0.05%,100.0,13980.0,70217.0,6.62,7624121.0,9.65,29.34,
57,186.0,효성티앤씨,322500.0,2000.0,+0.62%,5000.0,13957.0,4328.0,11.56,10133.0,14.98,7.46,
58,187.0,에스디바이오센서,11000.0,0.0,0.00%,500.0,13692.0,124477.0,6.71,96332.0,-2.66,-16.22,
59,188.0,DGB금융지주,8050.0,90.0,-1.11%,5000.0,13616.0,169146.0,46.03,572756.0,3.51,6.73,
60,189.0,종근당,102800.0,1500.0,+1.48%,2500.0,13543.0,13174.0,13.43,27135.0,6.37,29.56,
61,190.0,대웅제약,114700.0,2200.0,+1.96%,2500.0,13290.0,11587.0,9.56,23366.0,10.92,17.7,
65,191.0,솔루엠,26000.0,0.0,0.00%,500.0,13001.0,50006.0,21.14,234165.0,10.8,34.83,
66,192.0,녹십자,110700.0,700.0,-0.63%,5000.0,12937.0,11687.0,18.61,16274.0,-48.57,-2.03,
67,193.0,KBSTAR 200,37505.0,395.0,-1.04%,0.0,12920.0,34450.0,0.07,560563.0,,,
68,194.0,DL이앤씨,33350.0,1900.0,-5.39%,5000.0,12904.0,38694.0,29.11,181509.0,7.62,4.12,
69,195.0,TIGER MSCI Korea TR,15885.0,105.0,-0.66%,0.0,12724.0,80100.0,0.0,3522.0,,,
73,196.0,TIGER 2차전지테마,23545.0,540.0,-2.24%,0.0,12655.0,53750.0,0.19,424227.0,,,
74,197.0,코리안리,7650.0,220.0,-2.80%,500.0,12651.0,165368.0,26.12,545459.0,4.46,9.51,
75,198.0,두산퓨얼셀,19310.0,140.0,+0.73%,100.0,12647.0,65494.0,11.88,137082.0,-185.67,-1.64,
76,199.0,KODEX 삼성그룹,9510.0,110.0,-1.14%,0.0,12639.0,132900.0,13.56,126194.0,,,
77,200.0,KODEX Top5PlusTR,22905.0,200.0,-0.87%,0.0,12598.0,55000.0,9.09,17395.0,,,
1,201.0,LX세미콘,76700.0,700.0,+0.92%,500.0,12475.0,16264.0,26.43,65764.0,12.33,10.5,
2,202.0,GS건설,14480.0,130.0,-0.89%,5000.0,12392.0,85581.0,17.83,469417.0,-2.57,-10.54,
3,203.0,KODEX 2차전지산업,19575.0,470.0,-2.34%,0.0,12332.0,63000.0,0.05,1566162.0,,,
4,204.0,대덕전자,24800.0,400.0,-1.59%,500.0,12255.0,49417.0,9.06,603325.0,50.3,2.95,
5,205.0,세방전지,87500.0,300.0,+0.34%,500.0,12250.0,14000.0,28.05,62646.0,10.48,9.29,
9,206.0,KODEX 단기채권PLUS,110200.0,35.0,+0.03%,0.0,12169.0,11043.0,0.0,51421.0,,,
10,207.0,SK네트웍스,5490.0,70.0,-1.26%,2500.0,12148.0,221278.0,15.03,573366.0,-1830.0,-0.03,
11,208.0,TIGER TOP10,12555.0,95.0,-0.75%,0.0,12103.0,96400.0,17.97,82365.0,,,
12,209.0,코스모화학,31400.0,1050.0,-3.24%,1000.0,12060.0,38408.0,6.57,241520.0,-42.43,-10.55,
13,210.0,효성,56300.0,400.0,-0.71%,5000.0,11863.0,21071.0,7.35,36336.0,18766.7,0.0,
17,211.0,한국콜마,50000.0,1350.0,+2.77%,500.0,11803.0,23605.0,29.85,167421.0,220.26,0.79,
18,212.0,현대백화점,50100.0,600.0,-1.18%,5000.0,11725.0,23402.0,22.9,73834.0,-14.7,-1.76,
19,213.0,롯데웰푸드,123000.0,1700.0,-1.36%,500.0,11605.0,9435.0,11.78,5837.0,16.45,3.46,
20,214.0,롯데칠성,124500.0,2700.0,-2.12%,500.0,11552.0,9279.0,12.2,26280.0,7.55,11.61,
21,215.0,KG모빌리티,5880.0,120.0,-2.00%,5000.0,11453.0,194787.0,24.68,305732.0,122.5,0.82,
25,216.0,KBSTAR 종합채권(A-이상)액티브,101550.0,200.0,+0.20%,0.0,11414.0,11240.0,0.0,2997.0,,,
26,217.0,롯데정밀화학,44200.0,1000.0,-2.21%,5000.0,11404.0,25800.0,21.53,80480.0,6.27,7.78,
27,218.0,영원무역홀딩스,83000.0,1800.0,-2.12%,500.0,11318.0,13636.0,19.38,14875.0,3.04,16.88,
28,219.0,동원시스템즈,39000.0,350.0,-0.89%,5000.0,11307.0,28991.0,13.97,41946.0,17.78,8.56,
29,220.0,SK리츠,4095.0,45.0,+1.11%,500.0,11062.0,270133.0,7.18,289586.0,315.0,0.33,
33,221.0,HD현대건설기계,56100.0,100.0,+0.18%,5000.0,11052.0,19701.0,17.88,124416.0,7.93,9.17,
34,222.0,한샘,46900.0,500.0,+1.08%,1000.0,11037.0,23534.0,14.12,19406.0,-17.76,-15.77,
35,223.0,삼아알미늄,74000.0,5000.0,-6.33%,500.0,10887.0,14712.0,38.85,95083.0,313.56,1.73,
36,224.0,HDC현대산업개발,16450.0,820.0,-4.75%,5000.0,10842.0,65907.0,17.2,232021.0,6.26,5.87,
37,225.0,TIGER 24-12 금융채(AA-이상),51065.0,0.0,0.00%,0.0,10736.0,21024.0,0.0,3276.0,,,
41,226.0,대웅,18400.0,230.0,-1.23%,500.0,10698.0,58142.0,5.88,30993.0,7.01,17.31,
42,227.0,DL,50600.0,1300.0,-2.50%,5000.0,10604.0,20956.0,12.51,70522.0,-8.59,-3.44,
43,228.0,ACE 미국30년국채액티브(H),8225.0,25.0,-0.30%,0.0,10487.0,127500.0,0.0,2106284.0,,,
44,229.0,KODEX 미국S&P500TR,16225.0,250.0,+1.56%,0.0,10376.0,63950.0,0.0,1348737.0,,,
45,230.0,롯데손해보험,3270.0,10.0,+0.31%,1000.0,10148.0,310336.0,0.87,2451523.0,3.36,19.72,
49,231.0,LX인터내셔널,26150.0,50.0,+0.19%,5000.0,10136.0,38760.0,19.91,140747.0,8.66,5.17,
50,232.0,SK케미칼,58400.0,600.0,-1.02%,5000.0,10076.0,17254.0,13.06,18319.0,28.38,1.87,
51,233.0,롯데렌탈,27500.0,50.0,-0.18%,5000.0,10074.0,36634.0,5.13,19462.0,8.4,9.01,
52,234.0,KODEX 코스닥150레버리지,11455.0,70.0,-0.61%,0.0,9817.0,85700.0,1.52,17923704.0,,,
53,235.0,일진전기,20450.0,150.0,+0.74%,1000.0,9752.0,47685.0,3.95,4465448.0,23.48,9.65,
57,236.0,코오롱인더,35100.0,750.0,-2.09%,5000.0,9659.0,27519.0,13.45,115207.0,24.86,1.58,
58,237.0,ACE 미국S&P500,18065.0,280.0,+1.57%,0.0,9466.0,52400.0,0.47,227287.0,,,
59,238.0,메리츠 KIS CD금리투자 ETN,51965.0,15.0,+0.03%,0.0,9406.0,18100.0,0.0,3000.0,,,
60,239.0,세아제강지주,226000.0,5000.0,-2.16%,5000.0,9360.0,4142.0,9.95,2051.0,3.3,17.18,
61,240.0,ESR켄달스퀘어리츠,4390.0,45.0,+1.04%,1000.0,9355.0,213089.0,44.66,203575.0,78.39,1.05,
65,241.0,대한유화,141800.0,6200.0,-4.19%,5000.0,9217.0,6500.0,7.26,15637.0,-31.74,-1.58,
66,242.0,미원상사,192400.0,4400.0,+2.34%,500.0,9139.0,4750.0,2.85,4939.0,15.28,16.95,
67,243.0,제주항공,11090.0,120.0,-1.07%,1000.0,8943.0,80641.0,3.83,124233.0,6.38,44.86,
68,244.0,넥센타이어,9120.0,380.0,-4.00%,500.0,8907.0,97668.0,6.41,299798.0,9.24,6.26,
69,245.0,하나투어,55200.0,700.0,-1.25%,500.0,8854.0,16039.0,11.11,112508.0,18.83,32.03,
73,246.0,해성디에스,52000.0,1000.0,-1.89%,5000.0,8840.0,17000.0,17.15,68710.0,10.47,17.55,
74,247.0,오리온홀딩스,14000.0,100.0,-0.71%,500.0,8770.0,62645.0,7.06,77527.0,10.24,3.93,
75,248.0,율촌화학,35150.0,800.0,+2.33%,500.0,8717.0,24800.0,5.1,79950.0,-45.65,-5.96,
76,249.0,한일시멘트,12470.0,10.0,+0.08%,500.0,8637.0,69262.0,3.34,88325.0,5.08,11.21,
77,250.0,더블유게임즈,40050.0,650.0,+1.65%,500.0,8609.0,21496.0,14.65,57936.0,5.79,18.62,
1,251.0,이노션,21400.0,200.0,-0.93%,500.0,8560.0,40000.0,26.16,49448.0,8.41,11.56,
2,252.0,미래에셋생명,4830.0,25.0,-0.51%,5000.0,8550.0,177016.0,1.71,142793.0,8.16,3.35,
3,253.0,다우기술,18470.0,1090.0,-5.57%,500.0,8287.0,44867.0,23.33,400851.0,3.67,9.35,
4,254.0,SK디스커버리,44000.0,900.0,-2.00%,5000.0,8266.0,18786.0,12.42,38225.0,4.7,6.63,
5,255.0,케이씨텍,39550.0,1450.0,+3.81%,500.0,8251.0,20862.0,15.36,261114.0,26.02,7.22,
9,256.0,KODEX 코스닥150,14085.0,25.0,-0.18%,0.0,8226.0,58400.0,3.57,5307102.0,,,
10,257.0,GKL,13280.0,130.0,-0.97%,500.0,8214.0,61856.0,8.29,231042.0,18.73,11.04,
11,258.0,한화엔진,9840.0,360.0,+3.80%,1000.0,8211.0,83447.0,4.44,402384.0,-1640.0,-0.19,
12,259.0,일진하이솔루스,22600.0,200.0,-0.88%,500.0,8207.0,36313.0,3.22,27560.0,579.49,0.45,
13,260.0,영풍,443500.0,0.0,0.00%,5000.0,8169.0,1842.0,4.42,1041.0,-13.42,-1.58,
17,261.0,동양생명,5040.0,100.0,-1.95%,5000.0,8132.0,161359.0,83.33,203288.0,3.01,6.97,
18,262.0,SK오션플랜트,13660.0,190.0,-1.37%,500.0,8086.0,59196.0,5.15,220103.0,13.12,9.46,
19,263.0,아시아나항공,10830.0,40.0,-0.37%,5000.0,8059.0,74412.0,7.17,106608.0,7.07,16.61,
20,264.0,한화투자증권,3750.0,100.0,+2.74%,5000.0,8046.0,214548.0,6.6,1936871.0,89.29,0.59,
21,265.0,제이알글로벌리츠,4075.0,10.0,+0.25%,1000.0,8043.0,197376.0,9.3,401819.0,34.53,2.61,
25,266.0,DN오토모티브,80200.0,0.0,0.00%,500.0,8015.0,9994.0,2.61,6579.0,2.92,27.29,
26,267.0,TIGER 미국배당다우존스,11490.0,65.0,+0.57%,0.0,7905.0,68800.0,0.0,635969.0,,,
27,268.0,보령,11490.0,160.0,+1.41%,500.0,7892.0,68690.0,9.16,188421.0,19.64,7.55,
28,269.0,TKG휴켐스,19210.0,20.0,+0.10%,1000.0,7853.0,40879.0,7.88,44432.0,5.83,,
29,270.0,롯데리츠,3230.0,5.0,-0.15%,500.0,7848.0,242969.0,8.59,201109.0,248.46,0.29,
33,271.0,한세실업,19610.0,490.0,-2.44%,500.0,7844.0,40000.0,6.85,240369.0,7.0,18.98,
34,272.0,세아베스틸지주,21800.0,100.0,-0.46%,5000.0,7818.0,35862.0,9.77,49630.0,6.1,6.68,
35,273.0,경동나비엔,53600.0,2200.0,-3.94%,1000.0,7809.0,14569.0,11.58,36639.0,9.39,15.09,
36,274.0,ACE 종합채권(AA-이상)KIS액티브,100185.0,320.0,+0.32%,0.0,7804.0,7790.0,0.0,1748.0,,,
37,275.0,명신산업,14770.0,290.0,-1.93%,500.0,7750.0,52470.0,6.98,108269.0,5.08,33.22,
41,276.0,NHN,22850.0,150.0,+0.66%,500.0,7716.0,33766.0,11.45,38958.0,-94.03,-0.51,
42,277.0,TIGER 200 IT,34575.0,235.0,-0.68%,0.0,7710.0,22300.0,0.08,23657.0,,,
43,278.0,ACE 미국나스닥100,19315.0,455.0,+2.41%,0.0,7687.0,39800.0,0.0,183224.0,,,
44,279.0,KODEX 미국나스닥100TR,16765.0,405.0,+2.48%,0.0,7687.0,45850.0,0.06,398865.0,,,
45,280.0,TIGER 24-10 회사채(A+이상)액티브,54735.0,20.0,+0.04%,0.0,7672.0,14016.0,0.0,71912.0,,,
49,281.0,후성,8000.0,80.0,-0.99%,500.0,7548.0,94352.0,7.05,470204.0,-14.44,-15.89,
50,282.0,SOL 종합채권(AA-이상)액티브,106140.0,300.0,+0.28%,0.0,7532.0,7096.0,0.0,396.0,,,
51,283.0,아이에스동서,24950.0,150.0,-0.60%,500.0,7532.0,30187.0,6.33,47358.0,4.78,10.9,
52,284.0,DS단석,128400.0,2100.0,-1.61%,500.0,7526.0,5861.0,3.77,36959.0,16.14,19.2,
53,285.0,흥아해운,3130.0,600.0,-16.09%,500.0,7525.0,240425.0,6.73,23936603.0,22.04,23.02,
57,286.0,녹십자홀딩스,15970.0,370.0,+2.37%,500.0,7510.0,47028.0,8.09,42940.0,-14.61,-5.37,
58,287.0,OCI,83200.0,500.0,+0.60%,5000.0,7480.0,8991.0,8.46,9096.0,7.92,,
59,288.0,대신증권,14720.0,310.0,-2.06%,5000.0,7474.0,50773.0,11.07,95618.0,9.56,4.69,
60,289.0,KODEX 인버스,4185.0,45.0,+1.09%,0.0,7458.0,178200.0,1.1,23660789.0,,,
61,290.0,LG전자우,43300.0,800.0,-1.81%,5000.0,7442.0,17186.0,41.28,44243.0,10.98,,
65,291.0,동아쏘시오홀딩스,115500.0,3500.0,-2.94%,5000.0,7333.0,6349.0,15.21,4110.0,12.65,5.82,
66,292.0,삼성화재우,229500.0,1000.0,-0.43%,500.0,7326.0,3192.0,29.37,16677.0,6.38,,
67,293.0,롯데관광개발,9590.0,220.0,-2.24%,500.0,7305.0,76171.0,4.65,580791.0,-3.52,-132.87,
68,294.0,QV KIS CD금리투자 ETN,51955.0,0.0,0.00%,0.0,7274.0,14000.0,0.0,0.0,,,
69,295.0,신풍제약,13700.0,450.0,+3.40%,500.0,7259.0,52985.0,7.4,751954.0,-13.19,-19.13,
73,296.0,삼성 레버리지 WTI원유 선물 ETN,1791.0,4.0,+0.22%,0.0,7236.0,404000.0,0.0,262384.0,,,
74,297.0,현대홈쇼핑,59900.0,200.0,-0.33%,5000.0,7188.0,12000.0,24.15,72735.0,5.28,6.78,
75,298.0,KODEX 단기채권,109285.0,25.0,+0.02%,0.0,7175.0,6565.0,0.07,22004.0,,,
76,299.0,TIGER Fn반도체TOP10,13640.0,75.0,+0.55%,0.0,7147.0,52400.0,0.07,3547591.0,,,
77,300.0,미원에스씨,142900.0,100.0,-0.07%,500.0,7145.0,5000.0,0.47,1202.0,38.82,4.95,
1,301.0,태광산업,640000.0,18000.0,-2.74%,5000.0,7126.0,1113.0,5.7,1045.0,-38.51,-0.46,
2,302.0,JW중외제약,30550.0,50.0,+0.16%,2500.0,7114.0,23286.0,9.59,47460.0,20.56,14.63,
3,303.0,KODEX 반도체,43210.0,270.0,+0.63%,0.0,7043.0,16300.0,0.13,455705.0,,,
4,304.0,진에어,13480.0,520.0,-3.71%,1000.0,7037.0,52200.0,3.88,175854.0,5.26,112.52,
5,305.0,동원F&B,36200.0,300.0,-0.82%,1000.0,6985.0,19296.0,8.03,33032.0,6.42,11.72,
9,306.0,TIGER 2차전지소재Fn,7160.0,120.0,-1.65%,0.0,6985.0,97550.0,0.2,817660.0,,,
10,307.0,CJ CGV,5670.0,30.0,+0.53%,500.0,6942.0,122432.0,6.74,434108.0,-4.76,-24.12,
11,308.0,현대지에프홀딩스,4445.0,5.0,-0.11%,500.0,6930.0,155904.0,4.01,131277.0,0.4,49.81,
12,309.0,KG스틸,6850.0,70.0,-1.01%,5000.0,6851.0,100009.0,5.51,186656.0,2.92,13.09,
13,310.0,대상,19580.0,360.0,-1.81%,1000.0,6784.0,34648.0,15.83,74328.0,10.52,5.11,
17,311.0,DI동일,27000.0,0.0,0.00%,500.0,6679.0,24739.0,3.93,49042.0,221.31,0.55,
18,312.0,드림텍,9690.0,50.0,-0.51%,100.0,6672.0,68852.0,57.96,302213.0,42.69,3.74,
19,313.0,KOSEF 200TR,46550.0,440.0,-0.94%,0.0,6610.0,14200.0,0.0,21916.0,,,
20,314.0,TIGER 단기통안채,106610.0,20.0,-0.02%,0.0,6566.0,6159.0,1.93,7856.0,,,
21,315.0,SNT모티브,44800.0,800.0,-1.75%,5000.0,6551.0,14623.0,17.79,29802.0,7.53,9.55,
25,316.0,쏘카,19780.0,60.0,+0.30%,100.0,6486.0,32791.0,1.07,384439.0,-15.31,-18.43,
26,317.0,한국단자,61900.0,300.0,+0.49%,500.0,6447.0,10415.0,24.06,13372.0,8.84,8.09,
27,318.0,KODEX 자동차,21395.0,295.0,-1.36%,0.0,6429.0,30050.0,0.34,523904.0,,,
28,319.0,KCC글라스,39750.0,300.0,-0.75%,1000.0,6348.0,15971.0,10.26,26155.0,7.77,5.58,
29,320.0,NICE평가정보,10560.0,40.0,-0.38%,500.0,6347.0,60108.0,33.25,46737.0,11.43,15.76,
33,321.0,쿠쿠홀딩스,17800.0,0.0,0.00%,100.0,6330.0,35562.0,10.09,22410.0,4.86,12.72,
34,322.0,신한 레버리지 WTI원유 선물 ETN(H),1235.0,5.0,-0.40%,0.0,6175.0,500000.0,0.0,264170.0,,,
35,323.0,신영증권,64900.0,200.0,+0.31%,5000.0,6123.0,9434.0,7.57,3233.0,6.28,6.66,
36,324.0,케이카,12700.0,140.0,-1.09%,500.0,6119.0,48182.0,7.01,32862.0,21.53,11.8,
37,325.0,ARIRANG 200,37940.0,385.0,-1.00%,0.0,6108.0,16100.0,3.12,69735.0,,,
41,326.0,신세계인터내셔날,17100.0,50.0,-0.29%,1000.0,6105.0,35700.0,5.35,68926.0,15.57,4.67,
42,327.0,애경케미칼,12510.0,120.0,+0.97%,500.0,6086.0,48649.0,1.2,128744.0,18.4,4.52,
43,328.0,QV 코스피 변동성 매칭형 양매도 ETN,8680.0,0.0,0.00%,0.0,6076.0,70000.0,0.0,0.0,,,
44,329.0,TIGER 25-10 회사채(A+이상)액티브,52575.0,50.0,+0.10%,0.0,6019.0,11448.0,0.0,92509.0,,,
45,330.0,티웨이항공,2790.0,15.0,-0.53%,500.0,6009.0,215379.0,1.54,613292.0,5.84,91.56,
49,331.0,대한해운,1881.0,27.0,-1.42%,500.0,6004.0,319177.0,6.46,3871645.0,8.79,4.36,
50,332.0,SNT다이내믹스,17930.0,60.0,-0.33%,2500.0,5962.0,33253.0,5.93,108788.0,12.04,7.29,
51,333.0,유니드,87500.0,1200.0,+1.39%,5000.0,5922.0,6768.0,14.31,40746.0,36.41,1.8,
52,334.0,동아에스티,68500.0,600.0,+0.88%,5000.0,5901.0,8615.0,20.95,19498.0,54.11,1.67,
53,335.0,비에이치,17050.0,100.0,+0.59%,500.0,5876.0,34464.0,10.39,200153.0,6.48,15.11,
57,336.0,LS에코에너지,19040.0,1040.0,+5.78%,500.0,5831.0,30625.0,1.63,2436362.0,141.04,2.82,
58,337.0,삼양홀딩스,67900.0,0.0,0.00%,5000.0,5815.0,8564.0,8.53,8461.0,3.49,9.11,
59,338.0,빙그레,58700.0,100.0,+0.17%,5000.0,5783.0,9851.0,22.32,28231.0,6.71,14.17,
60,339.0,TIGER 차이나항셍테크,5285.0,35.0,-0.66%,0.0,5753.0,108850.0,0.0,1687910.0,,,
61,340.0,자화전자,25950.0,650.0,+2.57%,500.0,5749.0,22156.0,8.38,129952.0,-22.98,-6.76,
65,341.0,PI첨단소재,19410.0,390.0,-1.97%,500.0,5700.0,29366.0,7.3,86531.0,-318.2,-0.55,
66,342.0,F&F홀딩스,14540.0,50.0,-0.34%,500.0,5687.0,39114.0,0.14,13677.0,4.65,5.84,
67,343.0,TIGER 1년은행양도성예금증서액티브(합성),1007390.0,100.0,+0.01%,0.0,5663.0,562.0,0.0,32278.0,,,
68,344.0,TIGER 미국달러단기채권액티브,12140.0,100.0,+0.83%,0.0,5656.0,46590.0,0.0,192022.0,,,
69,345.0,신한알파리츠,6360.0,110.0,+1.76%,1000.0,5603.0,88100.0,9.29,198091.0,7.28,13.98,
73,346.0,동국제강,11210.0,40.0,-0.36%,5000.0,5561.0,49608.0,29.72,93636.0,2.29,,
74,347.0,아세아,261000.0,500.0,+0.19%,5000.0,5522.0,2116.0,7.95,3925.0,6.04,9.06,
75,348.0,교보증권,4810.0,90.0,-1.84%,5000.0,5482.0,113963.0,1.1,69065.0,5.8,3.93,
76,349.0,한국카본,10520.0,10.0,-0.09%,500.0,5461.0,51908.0,3.2,119835.0,-35.9,-3.13,
77,350.0,HANARO 200,37270.0,415.0,-1.10%,0.0,5460.0,14650.0,13.81,2863.0,,,
1,351.0,롯데정보통신,35200.0,500.0,+1.44%,5000.0,5420.0,15396.0,1.98,62694.0,12.9,9.98,
2,352.0,KODEX 미국빅테크10(H),37155.0,685.0,+1.88%,0.0,5380.0,14480.0,0.02,567281.0,,,
3,353.0,디아이,18940.0,1360.0,+7.74%,500.0,5360.0,28300.0,8.54,12279023.0,170.63,2.09,
4,354.0,TIGER 단기채권액티브,53680.0,5.0,+0.01%,0.0,5311.0,9894.0,0.0,9377.0,,,
5,355.0,유안타증권,2640.0,10.0,+0.38%,5000.0,5269.0,199597.0,64.31,100677.0,8.71,4.08,
9,356.0,LX홀딩스,6830.0,20.0,-0.29%,1000.0,5210.0,76281.0,9.06,59136.0,6.74,4.82,
10,357.0,SK이터닉스,20350.0,650.0,-3.10%,200.0,5201.0,25560.0,2.59,1489044.0,,,
11,358.0,TIGER 미국배당+7%프리미엄다우존스,10465.0,50.0,+0.48%,0.0,5191.0,49600.0,0.01,1034502.0,,,
12,359.0,KOSEF 국고채10년,110610.0,545.0,+0.50%,0.0,5143.0,4650.0,0.01,9921.0,,,
13,360.0,KODEX 코스닥150선물인버스,3485.0,10.0,+0.29%,0.0,5133.0,147300.0,4.73,35526682.0,,,
17,361.0,삼양사,49750.0,400.0,+0.81%,5000.0,5131.0,10313.0,4.9,11243.0,4.97,7.58,
18,362.0,삼성 인버스 2X 천연가스 선물 ETN C,102075.0,6145.0,+6.41%,0.0,5104.0,5000.0,0.0,25257.0,,,
19,363.0,애경산업,19280.0,50.0,+0.26%,1000.0,5092.0,26410.0,5.59,145708.0,10.44,13.08,
20,364.0,고려제강,20300.0,50.0,-0.25%,1000.0,5075.0,25000.0,7.58,21671.0,7.1,4.36,
21,365.0,KODEX MSCI Korea TR,12630.0,130.0,-1.02%,0.0,5065.0,40100.0,1.62,1929.0,,,
25,366.0,SOL 미국배당다우존스,10550.0,90.0,+0.86%,0.0,5064.0,48000.0,0.13,277508.0,,,
26,367.0,KB KIS CD금리투자 ETN,50155.0,0.0,0.00%,0.0,5016.0,10000.0,0.0,0.0,,,
27,368.0,미래에셋증권2우B,3575.0,35.0,-0.97%,5000.0,5005.0,140000.0,8.63,179250.0,8.31,,
28,369.0,HDC,8310.0,20.0,+0.24%,5000.0,4965.0,59742.0,17.98,105021.0,4.39,4.52,
29,370.0,프레스티지바이오파마,8200.0,40.0,+0.49%,0.0,4928.0,60096.0,63.1,25703.0,-10.7,3.99,
33,371.0,SPC삼립,57000.0,800.0,-1.38%,5000.0,4919.0,8629.0,2.37,4043.0,9.79,12.43,
34,372.0,서연이화,18160.0,70.0,-0.38%,500.0,4908.0,27028.0,9.74,168815.0,3.11,19.68,
35,373.0,엘브이엠씨홀딩스,2860.0,40.0,-1.38%,0.0,4907.0,171588.0,12.35,833956.0,-7.03,-9.2,
36,374.0,한국철강,11440.0,660.0,+6.12%,1000.0,4856.0,42450.0,8.15,560415.0,7.12,8.26,
37,375.0,쿠쿠홈시스,21600.0,150.0,-0.69%,100.0,4846.0,22437.0,6.64,15678.0,4.33,14.85,
41,376.0,한화손해보험,4135.0,150.0,-3.50%,5000.0,4827.0,116739.0,12.04,529922.0,2.59,6.68,
42,377.0,NICE,12610.0,70.0,-0.55%,500.0,4729.0,37503.0,14.62,31496.0,122.43,0.51,
43,378.0,삼화콘덴서,45300.0,5750.0,+14.54%,1000.0,4709.0,10395.0,5.22,2110762.0,22.63,8.9,
44,379.0,신성이엔지,2280.0,20.0,-0.87%,500.0,4693.0,205848.0,7.05,2799934.0,28.86,7.15,
45,380.0,ACE 200,37685.0,380.0,-1.00%,0.0,4654.0,12350.0,10.61,24620.0,,,
49,381.0,KBSTAR 미국나스닥100,18660.0,445.0,+2.44%,0.0,4628.0,24800.0,0.01,147405.0,,,
50,382.0,SBS,24850.0,300.0,-1.19%,5000.0,4610.0,18551.0,0.0,45942.0,9.81,5.45,
51,383.0,에이프로젠,1731.0,92.0,-5.05%,500.0,4584.0,264837.0,8.07,14898937.0,-8.01,-30.65,
52,384.0,ACE 국고채10년,86910.0,320.0,+0.37%,0.0,4584.0,5274.0,0.01,18058.0,,,
53,385.0,풍산홀딩스,31700.0,100.0,+0.32%,5000.0,4570.0,14417.0,14.55,102011.0,5.67,8.45,
57,386.0,화승엔터프라이즈,7410.0,200.0,-2.63%,500.0,4490.0,60589.0,3.58,194662.0,-17.07,-5.0,
58,387.0,한섬,19180.0,140.0,-0.72%,500.0,4488.0,23398.0,26.01,51478.0,5.63,6.14,
59,388.0,E1,65200.0,1600.0,-2.40%,5000.0,4473.0,6860.0,5.68,14663.0,2.1,13.9,
60,389.0,신영증권우,63800.0,0.0,0.00%,5000.0,4470.0,7006.0,6.16,0.0,6.18,,
61,390.0,엠씨넥스,24650.0,50.0,+0.20%,500.0,4432.0,17978.0,9.22,51017.0,15.87,8.83,
65,391.0,코람코라이프인프라리츠,4985.0,20.0,+0.40%,500.0,4413.0,88534.0,1.6,72451.0,41.2,2.33,
66,392.0,KBSTAR 단기통안채,111235.0,5.0,0.00%,0.0,4406.0,3961.0,0.0,39007.0,,,
67,393.0,유진투자증권,4480.0,45.0,+1.01%,5000.0,4340.0,96866.0,7.75,1233477.0,14.13,3.09,
68,394.0,KB스타리츠,4265.0,25.0,+0.59%,500.0,4325.0,101414.0,0.22,42922.0,-5.84,-12.09,
69,395.0,부광약품,6070.0,100.0,+1.68%,500.0,4314.0,71063.0,4.35,147332.0,-13.76,-12.8,
73,396.0,풀무원,11270.0,310.0,+2.83%,500.0,4296.0,38121.0,0.94,85072.0,22.54,5.35,
74,397.0,LF,14640.0,300.0,-2.01%,5000.0,4281.0,29240.0,15.48,65329.0,5.19,5.51,
75,398.0,일동제약,15130.0,70.0,-0.46%,1000.0,4246.0,28063.0,5.37,52784.0,-5.2,-43.75,
76,399.0,지역난방공사,36550.0,2150.0,-5.56%,5000.0,4232.0,11579.0,1.35,52462.0,2.12,10.63,
77,400.0,세아홀딩스,105800.0,700.0,-0.66%,5000.0,4232.0,4000.0,0.52,173.0,5.16,3.89,
1,401.0,퍼시스,36100.0,250.0,-0.69%,1000.0,4152.0,11500.0,19.26,901.0,6.21,13.33,
2,402.0,TIGER 리츠부동산인프라,4460.0,0.0,0.00%,0.0,4141.0,92850.0,0.05,803476.0,,,
3,403.0,TIGER 종합채권(AA-이상)액티브,52395.0,85.0,+0.16%,0.0,4133.0,7888.0,0.0,3887.0,,,
4,404.0,바이오노트,4040.0,25.0,-0.62%,500.0,4123.0,102056.0,0.2,13383.0,-20.1,-1.3,
5,405.0,현대퓨처넷,3720.0,65.0,+1.78%,500.0,4100.0,110203.0,1.15,137069.0,-218.82,-0.25,
9,406.0,아모레퍼시픽우,38600.0,1300.0,+3.49%,500.0,4075.0,10558.0,52.91,18773.0,14.8,,
10,407.0,제주은행,12590.0,30.0,-0.24%,5000.0,4045.0,32129.0,0.32,1126859.0,79.18,0.97,
11,408.0,아세아제지,44950.0,0.0,0.00%,5000.0,4026.0,8957.0,6.94,0.0,4.97,9.8,
12,409.0,현대그린푸드,11800.0,140.0,-1.17%,500.0,3998.0,33881.0,10.12,40085.0,8.51,,
13,410.0,세진중공업,6960.0,10.0,+0.14%,500.0,3957.0,56849.0,1.83,166938.0,23.12,9.92,
17,411.0,미래에셋 레버리지 원유선물혼합 ETN(H),9650.0,40.0,-0.41%,0.0,3956.0,41000.0,0.0,15510.0,,,
18,412.0,맵스리얼티1,4245.0,5.0,+0.12%,0.0,3941.0,92834.0,2.63,29578.0,,,
19,413.0,코리아써키트,16500.0,200.0,-1.20%,500.0,3897.0,23621.0,1.6,184876.0,-12.33,-8.05,
20,414.0,삼성FN리츠,5020.0,0.0,0.00%,500.0,3880.0,77300.0,0.16,75206.0,836.67,,
21,415.0,SNT홀딩스,23800.0,600.0,-2.46%,500.0,3880.0,16304.0,11.16,29752.0,4.44,8.5,
25,416.0,KODEX 국고채3년,59375.0,115.0,+0.19%,0.0,3846.0,6478.0,0.0,1028.0,,,
26,417.0,TIGER 미국채30년스트립액티브(합성 H),41870.0,390.0,-0.92%,0.0,3844.0,9182.0,0.16,182843.0,,,
27,418.0,삼성SDI우,236500.0,3500.0,-1.46%,5000.0,3826.0,1618.0,19.33,2459.0,8.28,,
28,419.0,히어로즈 머니마켓액티브,50300.0,0.0,0.00%,0.0,3813.0,7580.0,0.0,40667.0,,,
29,420.0,세아제강,134100.0,300.0,+0.22%,5000.0,3803.0,2836.0,11.02,4640.0,2.01,20.68,
33,421.0,아세아시멘트,9800.0,160.0,-1.61%,500.0,3773.0,38502.0,5.33,54868.0,4.26,8.96,
34,422.0,한일홀딩스,12190.0,80.0,+0.66%,1000.0,3759.0,30833.0,2.62,16550.0,3.6,7.12,
35,423.0,화신,10720.0,130.0,-1.20%,500.0,3743.0,34920.0,3.75,137236.0,4.84,19.27,
36,424.0,영진약품,2035.0,5.0,+0.25%,500.0,3722.0,182893.0,2.88,160661.0,-96.9,-4.32,
37,425.0,한국자산신탁,2995.0,40.0,-1.32%,500.0,3713.0,123978.0,6.16,246813.0,2.86,13.18,
41,426.0,KBSTAR KIS국고채30년Enhanced,70270.0,505.0,+0.72%,0.0,3710.0,5280.0,0.0,24301.0,,,
42,427.0,신도리코,36600.0,800.0,-2.14%,5000.0,3689.0,10080.0,10.2,22479.0,6.71,5.65,
43,428.0,KG케미칼,5380.0,90.0,-1.65%,1000.0,3684.0,68469.0,7.5,182291.0,3.88,11.06,
44,429.0,유나이티드제약,22550.0,250.0,-1.10%,500.0,3683.0,16334.0,6.59,50449.0,7.59,13.47,
45,430.0,대신증권우,14160.0,320.0,-2.21%,5000.0,3682.0,26000.0,11.19,67870.0,9.19,,
49,431.0,삼천리,90600.0,0.0,0.00%,5000.0,3674.0,4055.0,7.48,8558.0,3.06,8.23,
50,432.0,한화리츠,5200.0,10.0,+0.19%,500.0,3671.0,70600.0,0.05,13759.0,,1.61,
51,433.0,광동제약,6960.0,40.0,-0.57%,1000.0,3648.0,52421.0,19.87,142520.0,9.87,6.96,
52,434.0,남양유업,506000.0,5000.0,-0.98%,5000.0,3643.0,720.0,7.77,1892.0,-6.85,-9.48,
53,435.0,STX중공업,12650.0,370.0,+3.01%,2500.0,3612.0,28553.0,0.79,110344.0,11.42,15.16,
57,436.0,KODEX 25-11 은행채(AA-이상)PLUS액티브,10070.0,15.0,+0.15%,0.0,3610.0,35850.0,0.0,328769.0,,,
58,437.0,LG생활건강우,170500.0,3600.0,+2.16%,5000.0,3580.0,2100.0,55.4,4409.0,21.16,,
59,438.0,KISCO홀딩스,21900.0,150.0,-0.68%,1000.0,3543.0,16176.0,5.6,26731.0,3.89,8.38,
60,439.0,이아이디,1392.0,0.0,0.00%,200.0,3541.0,254384.0,2.13,0.0,-3.11,-49.27,
61,440.0,LS네트웍스,4485.0,125.0,+2.87%,5000.0,3534.0,78803.0,0.08,1561438.0,32.98,1.92,
65,441.0,SOL 초단기채권액티브,51025.0,5.0,+0.01%,0.0,3526.0,6910.0,0.02,138727.0,,,
66,442.0,KBSTAR 미국S&P500,15580.0,245.0,+1.60%,0.0,3521.0,22600.0,0.01,116897.0,,,
67,443.0,ACE 글로벌반도체TOP4 Plus SOLACTIVE,23380.0,520.0,+2.27%,0.0,3519.0,15050.0,0.03,1086779.0,,,
68,444.0,SOL AI반도체소부장,16950.0,230.0,+1.38%,0.0,3509.0,20700.0,0.27,2009641.0,,,
69,445.0,남해화학,7060.0,20.0,-0.28%,1000.0,3507.0,49679.0,3.72,71827.0,29.29,2.34,
73,446.0,현대차3우B,145700.0,600.0,-0.41%,5000.0,3503.0,2404.0,24.09,15636.0,3.34,,
74,447.0,백광산업,7790.0,0.0,0.00%,500.0,3499.0,44918.0,1.85,0.0,45.29,3.65,
75,448.0,LX하우시스,39000.0,800.0,+2.09%,5000.0,3497.0,8968.0,16.09,11543.0,6.31,7.66,
76,449.0,KODEX 은행,7660.0,260.0,-3.28%,0.0,3485.0,45500.0,0.07,1138790.0,,,
77,450.0,KOSEF 200,37265.0,370.0,-0.98%,0.0,3484.0,9350.0,0.0,32962.0,,,
1,451.0,BGF,3630.0,35.0,+0.97%,1000.0,3475.0,95717.0,3.18,64600.0,4.46,4.81,
2,452.0,삼부토건,1701.0,31.0,+1.86%,1000.0,3474.0,204259.0,7.21,8038315.0,-3.09,-73.88,
3,453.0,KODEX 미국반도체MV,21480.0,660.0,+3.17%,0.0,3469.0,16150.0,0.03,613779.0,,,
4,454.0,KODEX 미국달러SOFR금리액티브(합성),11140.0,90.0,+0.81%,0.0,3469.0,31140.0,0.0,52643.0,,,
5,455.0,HLB글로벌,7720.0,200.0,+2.66%,500.0,3437.0,44523.0,3.98,1526305.0,-14.35,-40.28,
9,456.0,한국쉘석유,263000.0,1000.0,+0.38%,5000.0,3419.0,1300.0,58.17,2264.0,9.15,31.27,
10,457.0,파미셀,5690.0,120.0,+2.15%,500.0,3415.0,60017.0,5.31,184551.0,94.83,4.56,
11,458.0,TIGER 미국나스닥100커버드콜(합성),10680.0,165.0,+1.57%,0.0,3402.0,31850.0,0.02,599470.0,,,
12,459.0,TIGER 글로벌자율주행&전기차SOLACTIVE,11145.0,95.0,+0.86%,0.0,3401.0,30520.0,0.33,71054.0,,,
13,460.0,KODEX 선진국MSCI World,26970.0,330.0,+1.24%,0.0,3398.0,12600.0,0.01,39892.0,,,
17,461.0,스틱인베스트먼트,8090.0,140.0,+1.76%,500.0,3372.0,41678.0,13.27,148327.0,12.22,11.38,
18,462.0,송원산업,14030.0,510.0,+3.77%,500.0,3367.0,24000.0,16.85,119775.0,9.66,5.02,
19,463.0,KODEX 단기변동금리부채권액티브,110250.0,5.0,0.00%,0.0,3341.0,3030.0,0.0,178.0,,,
20,464.0,한화3우B,14810.0,50.0,-0.34%,5000.0,3328.0,22472.0,15.79,25368.0,3.81,,
21,465.0,조광피혁,50000.0,400.0,+0.81%,5000.0,3325.0,6649.0,0.37,1348.0,36.76,2.23,
25,466.0,CJ4우(전환),78000.0,2100.0,-2.62%,5000.0,3297.0,4227.0,4.0,29556.0,14.28,,
26,467.0,가온전선,44650.0,7100.0,+18.91%,5000.0,3285.0,7358.0,2.98,6478486.0,16.31,5.65,
27,468.0,HL홀딩스,32150.0,250.0,-0.77%,5000.0,3269.0,10169.0,7.5,26079.0,6.55,5.01,
28,469.0,국도화학,36000.0,300.0,-0.83%,5000.0,3244.0,9011.0,18.46,10396.0,42.11,0.92,
29,470.0,TIGER 인도니프티50,12675.0,125.0,+1.00%,0.0,3238.0,25550.0,0.18,686068.0,,,
33,471.0,SGC에너지,22400.0,450.0,+2.05%,5000.0,3228.0,14409.0,3.31,29051.0,7.78,5.96,
34,472.0,락앤락,7410.0,200.0,+2.77%,500.0,3210.0,43326.0,74.84,116611.0,-9.06,-7.27,
35,473.0,TIGER 중장기국채,49870.0,125.0,+0.25%,0.0,3202.0,6420.0,0.0,21269.0,,,
36,474.0,사조대림,34900.0,150.0,-0.43%,5000.0,3198.0,9164.0,4.46,15361.0,3.5,16.87,
37,475.0,KODEX 인도Nifty50,13000.0,95.0,+0.74%,0.0,3185.0,24500.0,0.0,366945.0,,,
41,476.0,케이씨,23450.0,350.0,-1.47%,500.0,3178.0,13554.0,10.5,119990.0,6.68,6.44,
42,477.0,알루코,3280.0,60.0,+1.86%,500.0,3171.0,96682.0,1.63,1411661.0,16.4,7.19,
43,478.0,KODEX 25-11 회사채(A+이상)액티브,10395.0,5.0,+0.05%,0.0,3169.0,30490.0,0.0,2293.0,,,
44,479.0,대원강업,5110.0,30.0,-0.58%,500.0,3168.0,62000.0,2.03,104999.0,10.34,6.17,
45,480.0,현대비앤지스틸,21000.0,450.0,+2.19%,5000.0,3167.0,15079.0,2.8,147827.0,-10.56,-5.93,
49,481.0,TIGER 글로벌리튬&2차전지SOLACTIVE(합성),6900.0,45.0,-0.65%,0.0,3157.0,45760.0,0.24,62813.0,,,
50,482.0,대한제강,13480.0,190.0,+1.43%,1000.0,3156.0,23414.0,6.62,33473.0,4.57,9.88,
51,483.0,한진,21100.0,400.0,-1.86%,5000.0,3154.0,14948.0,6.77,55981.0,12.07,1.86,
52,484.0,대원제약,14200.0,10.0,-0.07%,500.0,3151.0,22190.0,14.72,31623.0,13.05,9.25,
53,485.0,TIGER 2차전지TOP10,12660.0,355.0,-2.73%,0.0,3140.0,24800.0,0.57,976747.0,,,
57,486.0,KODEX 코스피,27840.0,255.0,-0.91%,0.0,3132.0,11250.0,0.02,32331.0,,,
58,487.0,수산인더스트리,21900.0,250.0,-1.13%,200.0,3129.0,14286.0,0.74,68562.0,6.41,10.21,
59,488.0,한투 KIS CD금리투자 ETN,51950.0,0.0,0.00%,0.0,3117.0,6000.0,0.0,0.0,,,
60,489.0,대동,12150.0,130.0,-1.06%,1000.0,3115.0,25641.0,5.31,135801.0,17.69,4.41,
61,490.0,KODEX 미국채울트라30년선물(H),7710.0,20.0,-0.26%,0.0,3115.0,40400.0,0.01,316476.0,,,
65,491.0,이리츠코크렙,4885.0,25.0,+0.51%,500.0,3094.0,63342.0,0.98,68833.0,31.31,4.16,
66,492.0,에어부산,2650.0,45.0,-1.67%,1000.0,3091.0,116640.0,0.66,143690.0,2.97,66.45,
67,493.0,KODEX 국고채30년액티브,104610.0,415.0,+0.40%,0.0,3078.0,2942.0,0.0,5536.0,,,
68,494.0,종근당홀딩스,61300.0,200.0,-0.33%,2500.0,3071.0,5010.0,5.28,2649.0,6.53,8.61,
69,495.0,BYC,489500.0,0.0,0.00%,5000.0,3057.0,625.0,3.05,0.0,17.37,4.51,
73,496.0,대상홀딩스,8400.0,20.0,-0.24%,1000.0,3042.0,36213.0,5.26,182210.0,14.79,2.85,
74,497.0,백산,13480.0,110.0,+0.82%,500.0,3035.0,22515.0,9.17,149407.0,7.5,21.47,
75,498.0,DB,1507.0,3.0,-0.20%,500.0,3032.0,201174.0,2.32,150119.0,14.92,5.96,
76,499.0,하나 CD금리투자 ETN,100320.0,0.0,0.00%,0.0,3010.0,3000.0,0.0,0.0,,,
77,500.0,SIMPAC,4590.0,0.0,0.00%,500.0,3003.0,65430.0,3.2,125092.0,-46.36,-1.09,
